,height,mass,hair_color,eye_color,gender,bmi
0,152,27,black,hazel,female,0.0011686288088642658
0,152,27,black,hazel,female,0.0011686288088642658
0,147,25,blond,blue,female,0.0011569253551760841
